Öğr. Gör. Dr. Fatma Tekin,TÜRK DİLİ I,https://ebp.ege.edu.tr/DereceProgramlari/Ders/1/2626/121953/635810/1
"Öğr.Gör. Belkız AYAZ ÇOBAN, Öğr.Gör. İbrahim ÇOBAN",ATATÜRK İLKELERİ VE İNKILAP TARİHİ I,https://ebp.ege.edu.tr/DereceProgramlari/Ders/1/2626/121955/635256/1
Assoc. Prof. Dr. Vecdi AYTAÇ,MATEMATİK-I,https://ebp.ege.edu.tr/DereceProgramlari/Ders/1/2626/121959/633004/1
"Prof. Dr.Cüneyt ÇELİKTAŞ, Assoc. Prof. Dr. Mine ÇAPAR",FİZİK-I,https://ebp.ege.edu.tr/DereceProgramlari/Ders/1/2626/121962/635616/1
Dr. Öğr. Üyesi Özgür Gümüş,ALGORİTMA VE PROGRAMLAMA-I,https://ebp.ege.edu.tr/DereceProgramlari/Ders/1/2626/121965/632540/1
Dr. Öğretim Görevlisi Sevtap Duman Kaymaz,TECHNICAL ENGLISH,https://ebp.ege.edu.tr/DereceProgramlari/Ders/1/2626/121967/634963/1
Dr Öğr. Üyesi Ahmet Egesoy,ÜNİVERSİTE YAŞAMINA GEÇİŞ,https://ebp.ege.edu.tr/DereceProgramlari/Ders/1/2626/231680/675267/1
Dr. Öğretim Görevlisi  Sevtap Duman Kaymaz,SÖZLÜ VE YAZILI İLETİŞİM,https://ebp.ege.edu.tr/DereceProgramlari/Ders/1/2626/241588/679913/1
Dr. Öğretim Üyesi Emine SEZER,KARİYER PLANLAMA,https://ebp.ege.edu.tr/DereceProgramlari/Ders/1/2626/284538/768024/1
,TÜRK DİLİ II,https://ebp.ege.edu.tr/DereceProgramlari/Ders/1/2626/121950/632579/1
,ATATÜRK İLKELERİ VE İNKILAP TARİHİ II,https://ebp.ege.edu.tr/DereceProgramlari/Ders/1/2626/121951/632950/1
Assoc. Prof. Dr. Vecdi AYTAÇ,MATEMATİK-II,https://ebp.ege.edu.tr/DereceProgramlari/Ders/1/2626/121970/638048/1
"Prof. Dr. Cüneyt ÇELİKTAŞ, Doç. Dr. Mine ÇAPAR",FİZİK-II,https://ebp.ege.edu.tr/DereceProgramlari/Ders/1/2626/121973/635999/1
Prof. Dr. Vecdi AYTAÇ,AYRIK YAPILAR,https://ebp.ege.edu.tr/DereceProgramlari/Ders/1/2626/121975/638029/1
Doç.Dr.Rıza Cenk ERDUR,ALGORİTMA VE PROGRAMLAMA-II,https://ebp.ege.edu.tr/DereceProgramlari/Ders/1/2626/121978/630726/1
Doç.Dr. Özgü CAN,INTRODUCTION TO COMPUTER SCIENCE,https://ebp.ege.edu.tr/DereceProgramlari/Ders/1/2626/121987/634417/1
Assoc. Prof. Dr. Vecdi AYTAÇ,DİFERANSİYEL DENKLEMLER,https://ebp.ege.edu.tr/DereceProgramlari/Ders/1/2626/121993/630714/1
Assist. Prof. Dr. Emine SEZER,ELECTRICAL CIRCUITS,https://ebp.ege.edu.tr/DereceProgramlari/Ders/1/2626/121995/634961/1
Prof. Dr. Aybars UĞUR,DATA STRUCTURES,https://ebp.ege.edu.tr/DereceProgramlari/Ders/1/2626/121997/638080/1
Doç. Dr. Halil TANIL,OLASILIK VE İSTATİSTİK,https://ebp.ege.edu.tr/DereceProgramlari/Ders/1/2626/122007/628578/1
Dr. Öğr. Üyesi Birol ÇİLOĞLUGİL,MANTIK DEVRELERİ TASARIMI,https://ebp.ege.edu.tr/DereceProgramlari/Ders/1/2626/122026/632966/1
Doç. Dr. Rıza Cenk ERDUR,AUTOMATA THEORY,https://ebp.ege.edu.tr/DereceProgramlari/Ders/1/2626/122031/630586/1
,Müfredat Dışı Seçmeli Ders Grubu - I,https://ebp.ege.edu.tr/DereceProgramlari/Ders/1/2626/292575/780265/1
Dr. Öğr. Üyesi Emine SEZER,TOPLUMA HİZMET UYGULAMALARI,https://ebp.ege.edu.tr/DereceProgramlari/Ders/1/2626/229228/654209/1
Dr. Öğr. Üyesi Züleyha AKUSTA DAĞDEVİREN,DOĞRUSAL CEBİR VE NÜMERİK YÖNTEMLER,https://ebp.ege.edu.tr/DereceProgramlari/Ders/1/2626/122011/635815/1
Assist. Prof. Dr. Emine SEZER,DIGITAL ELECTRONICS,https://ebp.ege.edu.tr/DereceProgramlari/Ders/1/2626/122015/630731/1
Dr. Öğr. Üyesi Ahmet EGESOY,PROGRAMMING LANGUAGES,https://ebp.ege.edu.tr/DereceProgramlari/Ders/1/2626/122022/635298/1
Dr. Öğr. Üyesi Birol ÇİLOĞLUGİL,DIGITAL COMPUTER DESIGN,https://ebp.ege.edu.tr/DereceProgramlari/Ders/1/2626/122029/630739/1
Prof.Dr.Meltem CONK DALAY,MODERN BİYOLOJİ,https://ebp.ege.edu.tr/DereceProgramlari/Ders/1/2626/122032/634172/1
,Müfredat Dışı Seçmeli Ders Grubu - II,https://ebp.ege.edu.tr/DereceProgramlari/Ders/1/2626/292576/780266/1
Prof.Dr. Murat Osman ÜNALIR,DATABASE MANAGEMENT,https://ebp.ege.edu.tr/DereceProgramlari/Ders/1/2626/122067/634383/1
Doç. Dr. Özgün YILMAZ,NESNEYE DAYALI PROGRAMLAMA,https://ebp.ege.edu.tr/DereceProgramlari/Ders/1/2626/122070/633697/1
Assoc. Prof. Dr. Hasan BULUT,İŞLETİM SİSTEMLERİ,https://ebp.ege.edu.tr/DereceProgramlari/Ders/1/2626/274856/756927/1
Assoc. Prof. Dr. Şebnem Bora,MİKROİŞLEMCİLER,https://ebp.ege.edu.tr/DereceProgramlari/Ders/1/2626/122088/635257/1
Prof. Dr. Levent TOKER,BİLGİSAYAR AĞLARI,https://ebp.ege.edu.tr/DereceProgramlari/Ders/1/2626/259058/738914/1
,Müfredat Dışı Seçmeli Ders Grubu - III,https://ebp.ege.edu.tr/DereceProgramlari/Ders/1/2626/292577/780267/1
Dr. Öğr. Üyesi Emine Sezer,STAJ,https://ebp.ege.edu.tr/DereceProgramlari/Ders/1/2626/246237/683204/1
Prof.Dr. Oğuz Dikenelli,SOFTWARE ANALYSIS AND DESIGN,https://ebp.ege.edu.tr/DereceProgramlari/Ders/1/2626/274857/756928/1
Doç. Dr. Şebnem Bora,MICROCONTROLLER BASED SYSTEM DESIGN,https://ebp.ege.edu.tr/DereceProgramlari/Ders/1/2626/122087/635631/1
Doç. Dr. Hasan BULUT,ANALYSIS OF ALGORITHMS,https://ebp.ege.edu.tr/DereceProgramlari/Ders/1/2626/259057/739020/1
Prof. Dr. Aybars UĞUR,YAPAY ZEKA YÖNTEMLERİ,https://ebp.ege.edu.tr/DereceProgramlari/Ders/1/2626/284542/768063/1
,Müfredat Dışı Seçmeli Ders Grubu - IV,https://ebp.ege.edu.tr/DereceProgramlari/Ders/1/2626/292578/780268/1
Bölüm öğretim üyeleri,BİTİRME TEZİ,https://ebp.ege.edu.tr/DereceProgramlari/Ders/1/2626/122097/653592/1
Prof.Dr.N. Yasemin TOPALOĞLU,SOFTWARE ENGINEERING,https://ebp.ege.edu.tr/DereceProgramlari/Ders/1/2626/274858/756929/1
Dr. Öğr. Üyesi Özgür MASALCI,İŞ SAĞLIĞI VE GÜVENLİĞİ I,https://ebp.ege.edu.tr/DereceProgramlari/Ders/1/2626/259880/739027/1
Bölüm öğretim üyeleri,BİTİRME TEZİ,https://ebp.ege.edu.tr/DereceProgramlari/Ders/1/2626/122166/653594/1
,Müfredat Dışı Seçmeli Ders Grubu - V,https://ebp.ege.edu.tr/DereceProgramlari/Ders/1/2626/292579/780269/1
Bölüm öğretim üyeleri,BİTİRME TEZİ,https://ebp.ege.edu.tr/DereceProgramlari/Ders/1/2626/122097/653739/1
Prof. Dr. Orhan DAĞDEVİREN,YÖNEYLEM ARAŞTIRMASI,https://ebp.ege.edu.tr/DereceProgramlari/Ders/1/2626/122101/628555/1
Prof. Dr. Aylin Kantarcı,COMPUTER ARCHITECTURE,https://ebp.ege.edu.tr/DereceProgramlari/Ders/1/2626/122156/635962/1
Dr. Öğr. Üyesi Özgür MASALCI,İŞ SAĞLIĞI VE GÜVENLİĞİ II,https://ebp.ege.edu.tr/DereceProgramlari/Ders/1/2626/259881/739028/1
Bölüm öğretim üyeleri,BİTİRME TEZİ,https://ebp.ege.edu.tr/DereceProgramlari/Ders/1/2626/122165/653593/1
,Müfredat Dışı Seçmeli Ders Grubu - VI,https://ebp.ege.edu.tr/DereceProgramlari/Ders/1/2626/292580/780270/1
Doç.Dr. Özgün Yılmaz,ÜST ORTAM PROGRAMLAMA,https://ebp.ege.edu.tr/DereceProgramlari/Ders/1/2626/122059/643135/1
Yrd. Doç. Dr. Özgü Can,WİNDOWS PROGRAMLAMA,https://ebp.ege.edu.tr/DereceProgramlari/Ders/1/2626/122075/643135/1
Assist. Prof. Dr. Vecdi AYTAÇ,YAZARLIK DİLLERİ,https://ebp.ege.edu.tr/DereceProgramlari/Ders/1/2626/122084/643135/1
Doç. Dr. Özgü CAN,BİLGİSAYAR GÜVENLİĞİNİN TEMELLERİ,https://ebp.ege.edu.tr/DereceProgramlari/Ders/1/2626/249236/643135/1
Doç.Dr. Özgün Yılmaz,MOBİL PROGRAMLAMA,https://ebp.ege.edu.tr/DereceProgramlari/Ders/1/2626/284543/643135/1
Doç. Dr. Esin de THORPE MILLARD,TEMEL MÜZİK TERMİNOLOJİSİ I,https://ebp.ege.edu.tr/DereceProgramlari/Ders/1/2626/289477/768050/1
Doç. Dr. Serdal Temel,"GİRİŞİMCİLİK, FİKRİ VE SINAİ MÜLKİYET HAKLARINA GİRİŞ",https://ebp.ege.edu.tr/DereceProgramlari/Ders/1/2626/265539/768050/1
Doç. Dr. Serdal Temel,"İNOVASYON, TEKNOLOJİ VE GİRİŞİMCİLİK",https://ebp.ege.edu.tr/DereceProgramlari/Ders/1/2626/264293/768050/1
Prof.Dr.Sait Engindeniz,GİRİŞİMCİLİKTE YATIRIM KARAR ANALİZLERİ,https://ebp.ege.edu.tr/DereceProgramlari/Ders/1/2626/289484/768050/1
Doç. Dr. Özgü Can,WEB TABANLI WINDOWS PROGRAMLAMA,https://ebp.ege.edu.tr/DereceProgramlari/Ders/1/2626/122074/739023/1
Prof. Dr. Aybars UĞUR,BİLGİSAYAR GRAFİKLERİ,https://ebp.ege.edu.tr/DereceProgramlari/Ders/1/2626/122078/739023/1
Dr. Öğr. Üyesi Birol ÇİLOĞLUGİL,EĞİTİM SİSTEMLERİ TASARIMI,https://ebp.ege.edu.tr/DereceProgramlari/Ders/1/2626/122085/739023/1
Prof. Dr. Aylin Kantarcı,SİSTEM PROGRAMLAMA,https://ebp.ege.edu.tr/DereceProgramlari/Ders/1/2626/259059/739023/1
Prof. Dr. Levent TOKER,AĞ TEKNOLOJİLERİ,https://ebp.ege.edu.tr/DereceProgramlari/Ders/1/2626/259056/739023/1
Doç. Dr. Özgün Yılmaz,SUNUCU YAZILIM TEKNOLOJİLERİ,https://ebp.ege.edu.tr/DereceProgramlari/Ders/1/2626/264305/739023/1
Özgür Gümüş,VERİ BİLİMİNE GİRİŞ,https://ebp.ege.edu.tr/DereceProgramlari/Ders/1/2626/271444/739023/1
Doç.Dr. Murat Osman Ünalır,ONTOLOJİ MÜHENDİSLİĞİ,https://ebp.ege.edu.tr/DereceProgramlari/Ders/1/2626/254032/739023/1
Doç. Dr. Serdal Temel,GİRİŞİMCİLİK VE İŞ PLANI HAZIRLAMA,https://ebp.ege.edu.tr/DereceProgramlari/Ders/1/2626/261824/768064/1
,AKADEMİK TÜRKÇE,https://ebp.ege.edu.tr/DereceProgramlari/Ders/1/2626/277877/643428/1
,BİLGİSAYAR VE TOPLUM,https://ebp.ege.edu.tr/DereceProgramlari/Ders/1/2626/264033/643428/1
Prof. Dr. Turan ATILGAN,PAZARLAMA,https://ebp.ege.edu.tr/DereceProgramlari/Ders/1/2626/264034/643428/1
Dr. Öğr. Üyesi Elvan ARIKAN İYİLİKCİ,SOSYAL BİLİŞ,https://ebp.ege.edu.tr/DereceProgramlari/Ders/1/2626/264036/643428/1
Dr. Öğr. Üyesi Birol ÇİLOĞLUGİL,TEMEL BANKACILIK VE BİLİŞİM TEKNOLOJİLERİ,https://ebp.ege.edu.tr/DereceProgramlari/Ders/1/2626/264037/643428/1
Doç. Dr. Serdal Temel,"GİRİŞİMCİLİK, FİKRİ VE SINAİ MÜLKİYET HAKLARINA GİRİŞ",https://ebp.ege.edu.tr/DereceProgramlari/Ders/1/2626/265539/643428/1
,GİRİŞİMCİLİK VE ETİK,https://ebp.ege.edu.tr/DereceProgramlari/Ders/1/2626/264038/643428/1
Doç. Dr. Serdal Temel,"İNOVASYON, TEKNOLOJİ VE GİRİŞİMCİLİK",https://ebp.ege.edu.tr/DereceProgramlari/Ders/1/2626/264293/643428/1
,MÜHENDİSLER İÇİN TEMEL  YÖNETİM VE YÖNETİCİLİK BECERİLERİ,https://ebp.ege.edu.tr/DereceProgramlari/Ders/1/2626/264184/643428/1
,GENEL SOSYOLOJİ,https://ebp.ege.edu.tr/DereceProgramlari/Ders/1/2626/275675/643428/1
,İLETİŞİM,https://ebp.ege.edu.tr/DereceProgramlari/Ders/1/2626/275676/643428/1
Dr. Erçin GÜDÜCÜ,YÖNETİM BİLİŞİM SİSTEMLERİ,https://ebp.ege.edu.tr/DereceProgramlari/Ders/1/2626/122106/732442/1
Dr. Arif Erdal TAŞCI,GÖRÜNTÜ İŞLEME,https://ebp.ege.edu.tr/DereceProgramlari/Ders/1/2626/122140/732442/1
Müh. Ertan Karakurt,VERİ MADENCİLİĞİ,https://ebp.ege.edu.tr/DereceProgramlari/Ders/1/2626/122147/732442/1
Prof. Dr. Serdar KORUKOĞLU,SİMÜLASYON VE MODELLEME,https://ebp.ege.edu.tr/DereceProgramlari/Ders/1/2626/122151/732442/1
Dr. Öğ. Üyesi Mustafa Engin,GÖMÜLÜ VE GERÇEK ZAMANLI SİSTEMLER,https://ebp.ege.edu.tr/DereceProgramlari/Ders/1/2626/122153/732442/1
Assist. Prof. Dr. Özgür Gümüş,WEB SERVİSLERİ,https://ebp.ege.edu.tr/DereceProgramlari/Ders/1/2626/122161/732442/1
Dr. Öğr. Üyesi Ahmet EGESOY,BİLGİ GÖSTERİMİ,https://ebp.ege.edu.tr/DereceProgramlari/Ders/1/2626/241589/732442/1
Prof.Dr.Oğuz DİKENELLİ,TEST YÖNELİMLİ GELİŞTİRME,https://ebp.ege.edu.tr/DereceProgramlari/Ders/1/2626/241590/732442/1
Doç. Dr. Özgü CAN,KRİPTOLOJİ,https://ebp.ege.edu.tr/DereceProgramlari/Ders/1/2626/271446/732442/1
Doç. Dr. Hasan BULUT,BULUT BİLİŞİM,https://ebp.ege.edu.tr/DereceProgramlari/Ders/1/2626/284544/732442/1
Avukat Funda Vurucu,İŞ HUKUKU,https://ebp.ege.edu.tr/DereceProgramlari/Ders/1/2626/264040/643429/1
Prof. Dr. Sabri Sürgevil,SİYASİ TARİH,https://ebp.ege.edu.tr/DereceProgramlari/Ders/1/2626/264041/643429/1
,SOSYOLOJİ,https://ebp.ege.edu.tr/DereceProgramlari/Ders/1/2626/264042/643429/1
Doc. Dr. Gaye EDİZLER,İNSAN KAYNAKLARI YÖNETİMİ,https://ebp.ege.edu.tr/DereceProgramlari/Ders/1/2626/264043/643429/1
Doç. Dr. Berna Türkekul,EKONOMİ,https://ebp.ege.edu.tr/DereceProgramlari/Ders/1/2626/264044/643429/1
Mehmet Cem Kamözüt,BİLİM TARİHİ VE FELSEFESİ,https://ebp.ege.edu.tr/DereceProgramlari/Ders/1/2626/264039/643429/1
,TEKNİK İNGİLİZCE-II,https://ebp.ege.edu.tr/DereceProgramlari/Ders/1/2626/264056/643429/1
Doç. Dr. Arife Candaş Adıgüzel Zengin,MAKALE VE SUNUM HAZIRLAMA TEKNİKLERİ,https://ebp.ege.edu.tr/DereceProgramlari/Ders/1/2626/264057/643429/1
Doç. Dr. Serdal Temel,GİRİŞİMCİLİK VE İŞ PLANI HAZIRLAMA,https://ebp.ege.edu.tr/DereceProgramlari/Ders/1/2626/261824/643429/1
Barbaros Tunç,GİRİŞİMCİLİK VE ETİK,https://ebp.ege.edu.tr/DereceProgramlari/Ders/1/2626/264187/643429/1
,İNOVASYONUN TİCARİLEŞTİRİLMESİ VE GİRİŞİMCİLİK,https://ebp.ege.edu.tr/DereceProgramlari/Ders/1/2626/265577/643429/1
Barbaros Tunç,MÜHENDİSLER İÇİN TEMEL YÖNETİM VE YÖNETİCİLİK BECERİLERİ,https://ebp.ege.edu.tr/DereceProgramlari/Ders/1/2626/264045/643429/1
Prof. Dr. Turan ATILGAN,MÜŞTERİ İLİŞKİLERİ YÖNETİMİ,https://ebp.ege.edu.tr/DereceProgramlari/Ders/1/2626/275678/643429/1
Yük.Müh.Murat Ihlamur,SİSTEM ANALİZİ VE TASARIMI,https://ebp.ege.edu.tr/DereceProgramlari/Ders/1/2626/122093/643126/1
Ruhi YARDAM,ÜRETİM BİLGİ SİSTEMLERİ,https://ebp.ege.edu.tr/DereceProgramlari/Ders/1/2626/122148/643126/1
Dr. Öğ. Üy. Mustafa Engin,GERÇEK ZAMANLI İLETİŞİM SİSTEMLERİ,https://ebp.ege.edu.tr/DereceProgramlari/Ders/1/2626/241593/643126/1
Prof.Dr.Yasemin TOPALOĞLU,YAZILIM  KULLANILABİLİRLİĞİ,https://ebp.ege.edu.tr/DereceProgramlari/Ders/1/2626/241594/643126/1
Prof.Dr. Murat Osman ÜNALIR,MOBİL BULUT PROGRAMLAMA,https://ebp.ege.edu.tr/DereceProgramlari/Ders/1/2626/254031/643126/1
"Prof. Dr. Aybars UĞUR
Arş. Gör. Dr. Osman GÖKALP",EVRİMSEL HESAPLAMA,https://ebp.ege.edu.tr/DereceProgramlari/Ders/1/2626/277610/643126/1
Dr. Öğr. Üyesi Birol ÇİLOĞLUGİL,MİKROSERVİSLER,https://ebp.ege.edu.tr/DereceProgramlari/Ders/1/2626/277611/643126/1
Prof. Dr. Aybars UĞUR,İŞLEMSEL ZEKA VE DERİN ÖĞRENME,https://ebp.ege.edu.tr/DereceProgramlari/Ders/1/2626/277612/643126/1
Doç. Dr. Hasan Bulut,PARALEL PROGRAMLAMA İLKELERİ,https://ebp.ege.edu.tr/DereceProgramlari/Ders/1/2626/284546/643126/1
PROF.DR. YALÇIN ÇEBİ,BİLGİSAYAR MÜHENDİSLİĞİNE GİRİŞ,https://debis.deu.edu.tr/ders-katalog/2021-2022/tr/tr_1210_1210_4052.html
TANZER ONURGİL,AYRIK HESAPLAMALI YAPILAR,https://debis.deu.edu.tr/ders-katalog/2021-2022/tr/tr_1210_1210_4073.html
DOÇ.DR. DERYA BİRANT,ALGORİTMA VE PROGRAMLAMA I,https://debis.deu.edu.tr/ders-katalog/2021-2022/tr/tr_1210_1210_4095.html
TANZER ONURGİL,PROJE TABANLI ÖĞRENME I,https://debis.deu.edu.tr/ders-katalog/2021-2022/tr/tr_1210_1210_4054.html
PROF.DR. PINAR SÜRAL ÖZER,Kariyer Planlama,https://debis.deu.edu.tr/ders-katalog/2021-2022/tr/tr_10126_1210_2.html
DOÇ.DR. MUSTAFA ÖZEL,MATEMATİK I,https://debis.deu.edu.tr/ders-katalog/2021-2022/tr/tr_117_1210_20.html
PROF.DR. MUHAMMED DENİZ,FİZİK I,https://debis.deu.edu.tr/ders-katalog/2021-2022/tr/tr_117_1210_12.html
DOÇ.DR. MEHMET HİLAL ÖZCANHAN,TEKNİK İNGİLİZCE,https://debis.deu.edu.tr/ders-katalog/2021-2022/tr/tr_1210_1210_4087.html
PROF.DR. RECEP ALP KUT,ALGORİTMA VE PROGRAMLAMA II,https://debis.deu.edu.tr/ders-katalog/2021-2022/tr/tr_1210_1210_4074.html
ŞERİFE YILMAZ,MANTIK TASARIMI,https://debis.deu.edu.tr/ders-katalog/2021-2022/tr/tr_1210_1210_4075.html
TANZER ONURGİL,PROJE TABANLI ÖĞRENME II,https://debis.deu.edu.tr/ders-katalog/2021-2022/tr/tr_1210_1210_4056.html
DOÇ.DR. MUSTAFA ÖZEL,MATEMATİK II,https://debis.deu.edu.tr/ders-katalog/2021-2022/tr/tr_117_1210_21.html
PROF.DR. MUHAMMED DENİZ,FİZİK II,https://debis.deu.edu.tr/ders-katalog/2021-2022/tr/tr_117_1210_13.html
DOÇ.DR. ZERRİN IŞIK,VERİ YAPILARI,https://debis.deu.edu.tr/ders-katalog/2021-2022/tr/tr_1210_1210_4057.html
DR. ÖZLEM ÖZTÜRK,DEVRELER VE ELEKTRONİĞE GİRİŞ,https://debis.deu.edu.tr/ders-katalog/2021-2022/tr/tr_1210_1210_4059.html
DOÇ.DR. İDİL YAVUZ,OLASILIK VE İSTATİSTİK,https://debis.deu.edu.tr/ders-katalog/2021-2022/tr/tr_1210_1210_4058.html
DOÇ.DR. BURCU SİLİNDİR YANTIR,DİFERANSİYEL DENKLEMLER VE LİNEER CEBİR,https://debis.deu.edu.tr/ders-katalog/2021-2022/tr/tr_1210_1210_4055.html
GÜLECE BİLEN,Türk Dili I,https://debis.deu.edu.tr/ders-katalog/2021-2022/tr/tr_9634_1210_2.html
SEDAT YAPUCUOĞLU,Beden Eğitimi,https://debis.deu.edu.tr/ders-katalog/2021-2022/tr/tr_9634_1210_8.html
ÖĞR.GÖR. ŞEVKET YILMAZÇETİN,İŞLETME YÖNETİMİ VE YÖNETİCİLİĞİ,https://debis.deu.edu.tr/ders-katalog/2021-2022/tr/tr_117_1210_171.html
DOÇ.DR. GÜLSEREN KARABAY,KİŞİSEL STİL VE İMAJ YÖNETİMİ,https://debis.deu.edu.tr/ders-katalog/2021-2022/tr/tr_117_1210_175.html
PROF.DR. ÖMÜR NECZAN ÖZMEN,Gönüllülük Çalışmaları,https://debis.deu.edu.tr/ders-katalog/2021-2022/tr/tr_9634_1210_28.html
HANDE SOYSAL,Halk Oyunları,https://debis.deu.edu.tr/ders-katalog/2021-2022/tr/tr_9634_1210_24.html
SERPİL SOLMAZ,Müzik,https://debis.deu.edu.tr/ders-katalog/2021-2022/tr/tr_9634_1210_20.html
PROF.DR. ÖMÜR NECZAN ÖZMEN,İnsan Hakları,https://debis.deu.edu.tr/ders-katalog/2021-2022/tr/tr_9634_1210_30.html
,VERİ ORGANİZASYONU VE YÖNETİMİ,https://debis.deu.edu.tr/ders-katalog/2021-2022/tr/tr_1210_1210_4060.html
DOÇ.DR. ZERRİN IŞIK,ALGORİTMA ANALİZ,https://debis.deu.edu.tr/ders-katalog/2021-2022/tr/tr_1210_1210_4076.html
ŞERİFE YILMAZ,BİLGİSAYAR MİMARİSİ,https://debis.deu.edu.tr/ders-katalog/2021-2022/tr/tr_1210_1210_4062.html
DR. İBRAHİM ATAKAN KUBİLAY,SAYISAL ÇÖZÜMLEME,https://debis.deu.edu.tr/ders-katalog/2021-2022/tr/tr_1210_1210_4063.html
DOÇ.DR. SEMİH UTKU,NESNE TABANLI ANALİZ VE TASARIM,https://debis.deu.edu.tr/ders-katalog/2021-2022/tr/tr_1210_1210_4077.html
GÜLECE BİLEN,Türk Dili II,https://debis.deu.edu.tr/ders-katalog/2021-2022/tr/tr_9634_1210_3.html
PROF.DR. SEVİNÇ ÖZKUL,İKLİM DEĞİŞİKLİĞİ VE SÜRDÜRÜLEBİLİR YÖNETİM,https://debis.deu.edu.tr/ders-katalog/2021-2022/tr/tr_117_1210_181.html
DOÇ.DR. FEVZİ ÇAKMAK,Atatürk İlkeleri ve İnkılap Tarihi I,https://debis.deu.edu.tr/ders-katalog/2021-2022/tr/tr_131_1210_2.html
DOÇ.DR. SEMİH UTKU,VERİTABANI YÖNETİM SİSTEMLERİ,https://debis.deu.edu.tr/ders-katalog/2021-2022/tr/tr_1210_1210_4064.html
DR. MELTEM YILDIRIM EKİCİ,HESAPLAMA TEORİSİ,https://debis.deu.edu.tr/ders-katalog/2021-2022/tr/tr_1210_1210_4078.html
DR.ÖĞR.ÜYESİ YUNUS DOĞAN,İŞLETİM SİSTEMLERİ,https://debis.deu.edu.tr/ders-katalog/2021-2022/tr/tr_1210_1210_4066.html
DR.ÖĞR.ÜYESİ ERCAN AVŞAR,BİLGİSAYAR MÜHENDİSLİĞİ İÇİN SİNYALLER VE SİSTEMLER,https://debis.deu.edu.tr/ders-katalog/2021-2022/tr/tr_1210_1210_4079.html
DOÇ.DR. FEVZİ ÇAKMAK,Atatürk İlkeleri ve İnkılap Tarihi II,https://debis.deu.edu.tr/ders-katalog/2021-2022/tr/tr_131_1210_3.html
DR.ÖĞR.ÜYESİ YUNUS DOĞAN,PROGRAMLAMA DİLLERİ KAVRAMLARI,https://debis.deu.edu.tr/ders-katalog/2021-2022/tr/tr_1210_1210_4061.html
PROF.DR. YALÇIN ÇEBİ,VERİ İLETİŞİMİ VE BİLGİSAYAR AĞLARI,https://debis.deu.edu.tr/ders-katalog/2021-2022/tr/tr_1210_1210_4080.html
DR.ÖĞR.ÜYESİ KÖKTEN ULAŞ BİRANT,YAZILIM MÜHENDİSLİĞİ,https://debis.deu.edu.tr/ders-katalog/2021-2022/tr/tr_1210_1210_4065.html
DOÇ.DR. MEHMET HİLAL ÖZCANHAN,GÖMÜLÜ SİSTEMLERİN PRENSİPLERİ,https://debis.deu.edu.tr/ders-katalog/2021-2022/tr/tr_1210_1210_4067.html
DOÇ.DR. GÜLSEREN KARABAY,MÜHENDİSLER İÇİN FİNANSAL YÖNETİM,https://debis.deu.edu.tr/ders-katalog/2021-2022/tr/tr_117_1210_177.html
DR.ÖĞR.ÜYESİ FERİŞTAH DALKILIÇ,BİLGİSAYAR MÜHENDİSLİĞİ TASARIM,https://debis.deu.edu.tr/ders-katalog/2021-2022/tr/tr_1210_1210_4097.html
DR.ÖĞR.ÜYESİ ÖZLEM AKTAŞ,YAZ STAJI  I,https://debis.deu.edu.tr/ders-katalog/2021-2022/tr/tr_1210_1210_4098.html
DOÇ.DR. MUHARREM KEMAL ÖZFIRAT,İŞ SAĞLIĞI VE GÜVENLİĞİ I,https://debis.deu.edu.tr/ders-katalog/2021-2022/tr/tr_117_1210_168.html
DOÇ.DR. ZERRİN IŞIK,MAKİNA ÖĞRENMESİNE GİRİŞ,https://debis.deu.edu.tr/ders-katalog/2021-2022/tr/tr_1210_1210_2510.html
,PARALEL PROGRAMLAMA,https://debis.deu.edu.tr/ders-katalog/2021-2022/tr/tr_1210_1210_2502.html
TANZER ONURGİL,BİLGİSAYAR OYUNU TASARIM VE PROGRAMLAMA,https://debis.deu.edu.tr/ders-katalog/2021-2022/tr/tr_1210_1210_2505.html
DOÇ.DR. SEMİH UTKU,BİLGİSAYAR GRAFİKLERİ,https://debis.deu.edu.tr/ders-katalog/2021-2022/tr/tr_1210_1210_2475.html
DR.ÖĞR.ÜYESİ KÖKTEN ULAŞ BİRANT,YAZILIM PROJE YÖNETİMİ,https://debis.deu.edu.tr/ders-katalog/2021-2022/tr/tr_1210_1210_2495.html
,VERİTABANI KONULARI,https://debis.deu.edu.tr/ders-katalog/2021-2022/tr/tr_1210_1210_2506.html
DOÇ.DR. SEMİH UTKU,DAĞITIK VERİTABANI SİSTEMLERİ,https://debis.deu.edu.tr/ders-katalog/2021-2022/tr/tr_1210_1210_2477.html
PROF.DR. RECEP ALP KUT,BENZETİM VE MODELLEME,https://debis.deu.edu.tr/ders-katalog/2021-2022/tr/tr_1210_1210_2511.html
DR. MELTEM YILDIRIM EKİCİ,İNSAN BİLGİSAYAR ETKİLEŞİMİ,https://debis.deu.edu.tr/ders-katalog/2021-2022/tr/tr_1210_1210_2469.html
,SİSTEM PROGRAMLAMA,https://debis.deu.edu.tr/ders-katalog/2021-2022/tr/tr_1210_1210_2512.html
DOÇ.DR. MEHMET HİLAL ÖZCANHAN,MOBİL CİHAZLAR VE UYGULAMALAR,https://debis.deu.edu.tr/ders-katalog/2021-2022/tr/tr_1210_1210_4040.html
DOÇ.DR. ZERRİN IŞIK,BİYOİNFORMATİK ALGORİTMALARINA GİRİŞ,https://debis.deu.edu.tr/ders-katalog/2021-2022/tr/tr_1210_1210_4041.html
,iOS PROGRAMLAMA,https://debis.deu.edu.tr/ders-katalog/2021-2022/tr/tr_1210_1210_4068.html
DR.ÖĞR.ÜYESİ KÖKTEN ULAŞ BİRANT,IP AĞLARINDA HİZMET KALİTESİ GELİŞMELERİ,https://debis.deu.edu.tr/ders-katalog/2021-2022/tr/tr_1210_1210_2513.html
PROF.DR. YALÇIN ÇEBİ,AĞ TASARIMININ TEMELLERİ,https://debis.deu.edu.tr/ders-katalog/2021-2022/tr/tr_1210_1210_2496.html
DOÇ.DR. MEHMET HİLAL ÖZCANHAN,MİKROİŞLEMCİLER,https://debis.deu.edu.tr/ders-katalog/2021-2022/tr/tr_1210_1210_4069.html
DOÇ.DR. GÖKHAN DALKILIÇ,AĞ GÜVENLİĞİ,https://debis.deu.edu.tr/ders-katalog/2021-2022/tr/tr_1210_1210_4090.html
DR. İBRAHİM ATAKAN KUBİLAY,DRON TEKNOLOJİSİ,https://debis.deu.edu.tr/ders-katalog/2021-2022/tr/tr_1210_1210_4092.html
DR.ÖĞR.ÜYESİ FERİŞTAH DALKILIÇ,BİTİRME PROJESİ,https://debis.deu.edu.tr/ders-katalog/2021-2022/tr/tr_1210_1210_4082.html
DR.ÖĞR.ÜYESİ ÖZLEM AKTAŞ,YAZ STAJI II,https://debis.deu.edu.tr/ders-katalog/2021-2022/tr/tr_1210_1210_4099.html
DOÇ.DR. MUHARREM KEMAL ÖZFIRAT,İŞ SAĞLIĞI VE GÜVENLİĞİ II,https://debis.deu.edu.tr/ders-katalog/2021-2022/tr/tr_117_1210_169.html
DOÇ.DR. DERYA BİRANT,YAZILIM DOĞRULAMAYA GİRİŞ,https://debis.deu.edu.tr/ders-katalog/2021-2022/tr/tr_1210_1210_2467.html
DR. İBRAHİM ATAKAN KUBİLAY,ÇOKLU-ORTAM SİSTEMLERİ,https://debis.deu.edu.tr/ders-katalog/2021-2022/tr/tr_1210_1210_2494.html
DR.ÖĞR.ÜYESİ ÖZLEM AKTAŞ,DOĞAL DİL İŞLEMEYE GİRİŞ,https://debis.deu.edu.tr/ders-katalog/2021-2022/tr/tr_1210_1210_2460.html
DR. ÖZLEM ÖZTÜRK,ÖRÜNTÜ TANIMAYA GİRİŞ,https://debis.deu.edu.tr/ders-katalog/2021-2022/tr/tr_1210_1210_2476.html
DR.ÖĞR.ÜYESİ ERCAN AVŞAR,SAYISAL İMGE İŞLEMEYE GİRİŞ,https://debis.deu.edu.tr/ders-katalog/2021-2022/tr/tr_1210_1210_2484.html
DR. MELTEM YILDIRIM EKİCİ,WEB PROGRAMLAMA,https://debis.deu.edu.tr/ders-katalog/2021-2022/tr/tr_1210_1210_2468.html
DR.ÖĞR.ÜYESİ FERİŞTAH DALKILIÇ,VERİ MADENCİLİĞİNE GİRİŞ,https://debis.deu.edu.tr/ders-katalog/2021-2022/tr/tr_1210_1210_2485.html
DR.ÖĞR.ÜYESİ ÖZLEM AKTAŞ,YAPAY ZEKAYA GİRİŞ,https://debis.deu.edu.tr/ders-katalog/2021-2022/tr/tr_1210_1210_2479.html
PROF.DR. RECEP ALP KUT,ALGORİTMA ANALİZİ VE TASARIMI,https://debis.deu.edu.tr/ders-katalog/2021-2022/tr/tr_1210_1210_2470.html
DR.ÖĞR.ÜYESİ FERİŞTAH DALKILIÇ,ÇİZGE TEORİSİNE GİRİŞ,https://debis.deu.edu.tr/ders-katalog/2021-2022/tr/tr_1210_1210_4083.html
PROF.DR. RECEP ALP KUT,GÖRSEL SİSTEM TASARIMI,https://debis.deu.edu.tr/ders-katalog/2021-2022/tr/tr_1210_1210_4084.html
DR.ÖĞR.ÜYESİ YUNUS DOĞAN,KARAR DESTEK SİSTEMİ UYGULAMALARI,https://debis.deu.edu.tr/ders-katalog/2021-2022/tr/tr_1210_1210_4085.html
PROF.DR. RECEP ALP KUT,VERİ AMBARLARI VE İŞ ZEKASI,https://debis.deu.edu.tr/ders-katalog/2021-2022/tr/tr_1210_1210_4086.html
DOÇ.DR. SEMİH UTKU,NESNELERİN İNTERNETİNİN TEMELLERİ,https://debis.deu.edu.tr/ders-katalog/2021-2022/tr/tr_1210_1210_4094.html
DOÇ.DR. GÖKHAN DALKILIÇ,AĞ SERVİSLERİ VE UYGULAMALARI,https://debis.deu.edu.tr/ders-katalog/2021-2022/tr/tr_1210_1210_2508.html
ŞERİFE YILMAZ,YENİDEN YAPILANDIRILABİLİR BİLİŞİM,https://debis.deu.edu.tr/ders-katalog/2021-2022/tr/tr_1210_1210_2462.html
DOÇ.DR. MEHMET HİLAL ÖZCANHAN,MİKROİŞLEMCİ TEMELLİ SİSTEM TASARIMI,https://debis.deu.edu.tr/ders-katalog/2021-2022/tr/tr_1210_1210_4072.html
DOÇ.DR. GÖKHAN DALKILIÇ,KRİPTOGRAFİYE GİRİŞ,https://debis.deu.edu.tr/ders-katalog/2021-2022/tr/tr_1210_1210_4091.html
DR. İBRAHİM ATAKAN KUBİLAY,SAYISAL SES İŞLEME,https://debis.deu.edu.tr/ders-katalog/2021-2022/tr/tr_1210_1210_4093.html
PROF.DR. ÖMÜR YAŞAR SAATÇIOĞLU,GİRİŞİMCİLİK VE İNOVASYON,https://debis.deu.edu.tr/ders-katalog/2021-2022/tr/tr_1210_1210_4096.html
PROF.DR. ÇAĞATAY PAMUKÇU,MÜHENDİSLİK ETİĞİ,https://debis.deu.edu.tr/ders-katalog/2021-2022/tr/tr_117_1210_28.html
PROF.DR. EROL KAYA,MÜHENDİSLİKTE ETKİLİ İLETİŞİM,https://debis.deu.edu.tr/ders-katalog/2021-2022/tr/tr_117_1210_29.html
,MÜHENDİSLER İÇİN FRANSIZCA,https://debis.deu.edu.tr/ders-katalog/2021-2022/tr/tr_117_1210_30.html
PROF.DR. AYŞEGÜL PALA,ÇEVRE KİRLİLİĞİ VE KONTROLU,https://debis.deu.edu.tr/ders-katalog/2021-2022/tr/tr_117_1210_31.html
PROF.DR. ALPER ÇABUK,DOĞA ÇEVRE VE KENT,https://debis.deu.edu.tr/ders-katalog/2021-2022/tr/tr_117_1210_32.html
PROF.DR. BAYRAM KAHRAMAN,MÜHENDİSLİK EKONOMİSİ,https://debis.deu.edu.tr/ders-katalog/2021-2022/tr/tr_117_1210_34.html
DR. DENİZ ŞENYAY ÖNCEL,FİKRİ VE SINAİ MÜLKİYET HAKLARI,https://debis.deu.edu.tr/ders-katalog/2021-2022/tr/tr_117_1210_39.html
PROF.DR. YUNUS EMRE ÖZER,AFET YÖNETİMİ,https://debis.deu.edu.tr/ders-katalog/2021-2022/tr/tr_117_1210_42.html
PROF.DR. ALİ BÜLENT ÖNAY,TEMEL JAPONCA,https://debis.deu.edu.tr/ders-katalog/2021-2022/tr/tr_117_1210_43.html
ÖĞR.GÖR. UMMAN ALİM BOZTUĞ,KARİYER PLANLAMA VE GELİŞTİRME,https://debis.deu.edu.tr/ders-katalog/2021-2022/tr/tr_117_1210_164.html
DOÇ.DR. MEHMET BARAN TUFAN,MÜHENDİSLİKTE MESLEK HASTALIKLAR,https://debis.deu.edu.tr/ders-katalog/2021-2022/tr/tr_117_1210_166.html
,NANOTEKNOLOJİYE GİRİŞ,https://debis.deu.edu.tr/ders-katalog/2021-2022/tr/tr_117_1210_132.html
PROF.DR. MEHMET KUNTALP,BİYOMEDİKAL SİSTEMLER,https://debis.deu.edu.tr/ders-katalog/2021-2022/tr/tr_117_1210_127.html
DOÇ.DR. AHMET ÖZKURT,ROBOTUN TEMELLERİ,https://debis.deu.edu.tr/ders-katalog/2021-2022/tr/tr_117_1210_133.html
,MÜHENDİSLER İÇİN COĞRAFİ BİLGİ SİSTEMİ,https://debis.deu.edu.tr/ders-katalog/2021-2022/tr/tr_117_1210_128.html
,FİZİKSEL MODELLER,https://debis.deu.edu.tr/ders-katalog/2021-2022/tr/tr_117_1210_134.html
,MODERN MÜHENDİSLİK MATEMATİĞİ,https://debis.deu.edu.tr/ders-katalog/2021-2022/tr/tr_117_1210_129.html
DOÇ.DR. FEHMİ BURÇİN ÖZSOYDAN,PROJE YÖNETİMİ,https://debis.deu.edu.tr/ders-katalog/2021-2022/tr/tr_117_1210_144.html
ÖĞR.GÖR. SERİM ELİF ÖZARI,KALİTE YÖNETİMİ,https://debis.deu.edu.tr/ders-katalog/2021-2022/tr/tr_117_1210_157.html
PROF.DR. SELÇUK NAS,SEYİR MÜHENDİSLİĞİ,https://debis.deu.edu.tr/ders-katalog/2021-2022/tr/tr_117_1210_160.html
ÖĞR.GÖR. UMMAN ALİM BOZTUĞ,İŞLETMELERDE PERFORMANS ÖLÇÜMÜ,https://debis.deu.edu.tr/ders-katalog/2021-2022/tr/tr_117_1210_162.html
Berat Alper Erol,Bilgisayar Mühendisliği Kavramları,https://ceng.iyte.edu.tr/tr/courses/ceng-111/
Cüneyt F. Bazlamaçcı,Veri Yapıları,https://ceng.iyte.edu.tr/tr/courses/ceng-112/
Furkan Eren Uzyıldırım,Veri Yapıları,https://ceng.iyte.edu.tr/tr/courses/ceng-112/
Büşra Güvenoğlu,Veri Yapıları,https://ceng.iyte.edu.tr/tr/courses/ceng-112/
Cansu Özkan,Veri Yapıları,https://ceng.iyte.edu.tr/tr/courses/ceng-112/
Dilek Öztürk,Veri Yapıları,https://ceng.iyte.edu.tr/tr/courses/ceng-112/
Buket Erşahin,Programlamaya Giriş,https://ceng.iyte.edu.tr/tr/courses/ceng-113/
Turgut Kalfaoğlu,Programlamaya Giriş,https://ceng.iyte.edu.tr/tr/courses/ceng-113/
Cüneyt F. Bazlamaçcı,Ayrık Yapılar,https://ceng.iyte.edu.tr/tr/courses/ceng-115/
Mustafa Özuysal,Ayrık Yapılar,https://ceng.iyte.edu.tr/tr/courses/ceng-115/
Tuğkan Tuğlular,Programlamanın Temelleri,https://ceng.iyte.edu.tr/tr/courses/ceng-211/
Damla Oğuz,Programlama Dilleri Kavramı,https://ceng.iyte.edu.tr/tr/courses/ceng-212/
Emre Dinçer,Programlama Dilleri Kavramı,https://ceng.iyte.edu.tr/tr/courses/ceng-212/
Leyla Tekin,Programlama Dilleri Kavramı,https://ceng.iyte.edu.tr/tr/courses/ceng-212/
Uğurcan Akdemir,Programlama Dilleri Kavramı,https://ceng.iyte.edu.tr/tr/courses/ceng-212/
Selma Tekir,İşlem Teorisi,https://ceng.iyte.edu.tr/tr/courses/ceng-213/
Burak Galip Aslan,Mantık Tasarımı,https://ceng.iyte.edu.tr/tr/courses/ceng-214/
Adil Çoban,Mantık Tasarımı,https://ceng.iyte.edu.tr/tr/courses/ceng-214/
Burak Korcuklu,Mantık Tasarımı,https://ceng.iyte.edu.tr/tr/courses/ceng-214/
Didem Genç,Mantık Tasarımı,https://ceng.iyte.edu.tr/tr/courses/ceng-214/
Ersin Çine,Mantık Tasarımı,https://ceng.iyte.edu.tr/tr/courses/ceng-214/
Tolga Ayav,Circuits and Electronics,https://ceng.iyte.edu.tr/tr/courses/ceng-215/
Mustafa Özuysal,Sayısal Hesaplama,https://ceng.iyte.edu.tr/tr/courses/ceng-216/
Cansu Özkan,Sayısal Hesaplama,https://ceng.iyte.edu.tr/tr/courses/ceng-216/
Ersin Çine,Sayısal Hesaplama,https://ceng.iyte.edu.tr/tr/courses/ceng-216/
Güliz Akkaya,Sayısal Hesaplama,https://ceng.iyte.edu.tr/tr/courses/ceng-216/
Yalın Baştanlar,Algoritmaların Analiz ve Tasarımı,https://ceng.iyte.edu.tr/tr/courses/ceng-218/
Altuğ Yiğit,Algoritmaların Analiz ve Tasarımı,https://ceng.iyte.edu.tr/tr/courses/ceng-218/
Nuri Furkan Pala,Algoritmaların Analiz ve Tasarımı,https://ceng.iyte.edu.tr/tr/courses/ceng-218/
Yağız Nalçakan,Algoritmaların Analiz ve Tasarımı,https://ceng.iyte.edu.tr/tr/courses/ceng-218/
Nesli Erdoğmuş,Olasılık ve İstatistik,https://ceng.iyte.edu.tr/tr/courses/ceng-222/
Emre Dinçer,Olasılık ve İstatistik,https://ceng.iyte.edu.tr/tr/courses/ceng-222/
Ersin Çine,Olasılık ve İstatistik,https://ceng.iyte.edu.tr/tr/courses/ceng-222/
Yağız Nalçakan,Olasılık ve İstatistik,https://ceng.iyte.edu.tr/tr/courses/ceng-222/
Işıl Öz,Bilgisayar Mimarisi,https://ceng.iyte.edu.tr/tr/courses/ceng-311/
Cüneyt F. Bazlamaçcı,Bilgisayar Ağları,https://ceng.iyte.edu.tr/tr/courses/ceng-312/
Büşra Güvenoğlu,Bilgisayar Ağları,https://ceng.iyte.edu.tr/tr/courses/ceng-312/
Güliz Akkaya,Bilgisayar Ağları,https://ceng.iyte.edu.tr/tr/courses/ceng-312/
Serhat Caner,Bilgisayar Ağları,https://ceng.iyte.edu.tr/tr/courses/ceng-312/
Belgin Ergenç Bostanoğlu,Bilgi Yönetimi,https://ceng.iyte.edu.tr/tr/courses/ceng-315/
Buket Erşahin,Yazılım Mühendisliği,https://ceng.iyte.edu.tr/tr/courses/ceng-316/
Görkem Kılınç Soylu,Yazılım Mühendisliği,https://ceng.iyte.edu.tr/tr/courses/ceng-316/
Onur Demirörs,Yazılım Mühendisliği,https://ceng.iyte.edu.tr/tr/courses/ceng-316/
Dilek Öztürk,Yazılım Mühendisliği,https://ceng.iyte.edu.tr/tr/courses/ceng-316/
Hüseyin Ünlü,Yazılım Mühendisliği,https://ceng.iyte.edu.tr/tr/courses/ceng-316/
Samet Tenekeci,Yazılım Mühendisliği,https://ceng.iyte.edu.tr/tr/courses/ceng-316/
Serhat Caner,Yazılım Mühendisliği,https://ceng.iyte.edu.tr/tr/courses/ceng-316/
Berat Alper Erol,İnsan Bilgisayar Etkileşimi,https://ceng.iyte.edu.tr/tr/courses/ceng-318/
Altuğ Yiğit,İnsan Bilgisayar Etkileşimi,https://ceng.iyte.edu.tr/tr/courses/ceng-318/
Burak Topçu,İnsan Bilgisayar Etkileşimi,https://ceng.iyte.edu.tr/tr/courses/ceng-318/
Cansu Özkan,İnsan Bilgisayar Etkileşimi,https://ceng.iyte.edu.tr/tr/courses/ceng-318/
Emrah İnan,İşletim Sistemleri,https://ceng.iyte.edu.tr/tr/courses/ceng-322/
Altuğ Yiğit,İşletim Sistemleri,https://ceng.iyte.edu.tr/tr/courses/ceng-322/
Burak Topçu,İşletim Sistemleri,https://ceng.iyte.edu.tr/tr/courses/ceng-322/
Ege Yiğit Çelik,İşletim Sistemleri,https://ceng.iyte.edu.tr/tr/courses/ceng-322/
Hüseyin Ünlü,İşletim Sistemleri,https://ceng.iyte.edu.tr/tr/courses/ceng-322/
Görkem Giray,Proje Yönetimi,https://ceng.iyte.edu.tr/tr/courses/ceng-323/
Görkem Kılınç Soylu,Proje Yönetimi,https://ceng.iyte.edu.tr/tr/courses/ceng-323/
Onur Demirörs,Proje Yönetimi,https://ceng.iyte.edu.tr/tr/courses/ceng-323/
Selma Tekir,Stokastik Süreçler,https://ceng.iyte.edu.tr/tr/courses/ceng-381/
Ege Yiğit Çelik,Stokastik Süreçler,https://ceng.iyte.edu.tr/tr/courses/ceng-381/
Samet Tenekeci,Stokastik Süreçler,https://ceng.iyte.edu.tr/tr/courses/ceng-381/
Burak Galip Aslan,Mikroişlemciler,https://ceng.iyte.edu.tr/tr/courses/ceng-384/
Adil Çoban,Mikroişlemciler,https://ceng.iyte.edu.tr/tr/courses/ceng-384/
Didem Genç,Mikroişlemciler,https://ceng.iyte.edu.tr/tr/courses/ceng-384/
,Matematiksel Mantık,https://ceng.iyte.edu.tr/tr/courses/ceng-385/
Berat Alper Erol,Bulanık Mantık Sistemleri,https://ceng.iyte.edu.tr/tr/courses/ceng-386/
Nesli Erdoğmuş,Web Programlama,https://ceng.iyte.edu.tr/tr/courses/ceng-388/
Ege Yiğit Çelik,Web Programlama,https://ceng.iyte.edu.tr/tr/courses/ceng-388/
Yalın Baştanlar,İmge Anlamaya Giriş,https://ceng.iyte.edu.tr/tr/courses/ceng-391/
Buket Erşahin,Yaz Stajı,https://ceng.iyte.edu.tr/tr/courses/ceng-400/
Burak Galip Aslan,Bilgisayar Mühendisliğinde Profesyonellik,https://ceng.iyte.edu.tr/tr/courses/ceng-411/
Tolga Ayav,Bilgi Güvenliği,https://ceng.iyte.edu.tr/tr/courses/ceng-418/
Burak Korcuklu,Bilgi Güvenliği,https://ceng.iyte.edu.tr/tr/courses/ceng-418/
Güliz Akkaya,Bilgi Güvenliği,https://ceng.iyte.edu.tr/tr/courses/ceng-418/
Turgut Kalfaoğlu,Bilgisayar Ağı Programlama,https://ceng.iyte.edu.tr/tr/courses/ceng-421/
Turgut Kalfaoğlu,Bilgisayar Ağı Tasarımı ve Yönetimi,https://ceng.iyte.edu.tr/tr/courses/ceng-422/
Nuri Furkan Pala,Bilgisayar Ağı Tasarımı ve Yönetimi,https://ceng.iyte.edu.tr/tr/courses/ceng-422/
Berat Alper Erol,Gömülü Bilgisayar Sistemleri,https://ceng.iyte.edu.tr/tr/courses/ceng-424/
Adil Çoban,Gömülü Bilgisayar Sistemleri,https://ceng.iyte.edu.tr/tr/courses/ceng-424/
Burak Topçu,Gömülü Bilgisayar Sistemleri,https://ceng.iyte.edu.tr/tr/courses/ceng-424/
Didem Genç,Gömülü Bilgisayar Sistemleri,https://ceng.iyte.edu.tr/tr/courses/ceng-424/
Tuğkan Tuğlular,Yazılım Sistemleri Geliştirilmesi,https://ceng.iyte.edu.tr/tr/courses/ceng-431/
Dilek Öztürk,Yazılım Sistemleri Geliştirilmesi,https://ceng.iyte.edu.tr/tr/courses/ceng-431/
Serhat Caner,Yazılım Sistemleri Geliştirilmesi,https://ceng.iyte.edu.tr/tr/courses/ceng-431/
Belgin Ergenç Bostanoğlu,Veritabanı Yönetim Sistemi Tasarımı ve Gerçekleştirilmesi,https://ceng.iyte.edu.tr/tr/courses/ceng-435/
Büşra Güvenoğlu,Veritabanı Yönetim Sistemi Tasarımı ve Gerçekleştirilmesi,https://ceng.iyte.edu.tr/tr/courses/ceng-435/
Leyla Tekin,Veritabanı Yönetim Sistemi Tasarımı ve Gerçekleştirilmesi,https://ceng.iyte.edu.tr/tr/courses/ceng-435/
Belgin Ergenç Bostanoğlu,Dağıtık Bilgi Yönetimi,https://ceng.iyte.edu.tr/tr/courses/ceng-436/
Işıl Öz,Heterojen Paralel Programlama,https://ceng.iyte.edu.tr/tr/courses/ceng-443/
Işıl Öz,Paralel Programlama Örüntüleri,https://ceng.iyte.edu.tr/tr/courses/ceng-444/
Emre Dinçer,Paralel Programlama Örüntüleri,https://ceng.iyte.edu.tr/tr/courses/ceng-444/
Nesli Erdoğmuş,Artificial Intelligence,https://ceng.iyte.edu.tr/tr/courses/ceng-461/
Yalın Baştanlar,Yapay Öğrenmeye Giriş,https://ceng.iyte.edu.tr/tr/courses/ceng-463/
Buket Erşahin,Metin Madenciliği,https://ceng.iyte.edu.tr/tr/courses/ceng-464/
Damla Oğuz,Veri Yoğun Sistemlerin İlkeleri,https://ceng.iyte.edu.tr/tr/courses/ceng-465/
Serap Şahin,Kriptografi,https://ceng.iyte.edu.tr/tr/courses/ceng-471/
,Bilgisayar Ağı Güvenliği,https://ceng.iyte.edu.tr/tr/courses/ceng-472/
Berat Alper Erol,Davranışsal Robot Bilimi,https://ceng.iyte.edu.tr/tr/courses/ceng-483/
Vedat Akgün,Bilgi Teknolojilerinde Girişimcilik,https://ceng.iyte.edu.tr/tr/courses/ceng-485/
Erdem Taylan,Bilgisayar Grafiğine Giriş,https://ceng.iyte.edu.tr/tr/courses/ceng-487/
Erdem Taylan,Bilgisayar Grafiği,https://ceng.iyte.edu.tr/tr/courses/ceng-488/
"2020 Güz, Dr. Mutlu Beyazıt",COMP 1123 Veri Yapıları I – 6 AKTS,https://ce.yasar.edu.tr/comp-1123-veri-yapilari-i/
"2019 Güz, Dr. Tuncay Ercan",COMP 1123 Veri Yapıları I – 6 AKTS,https://ce.yasar.edu.tr/comp-1123-veri-yapilari-i/
"2020 Bahar, Dr. Sermet Mir",COMP 2215 Nesne Yönelimli Paradigmalar – 7 AKTS,https://ce.yasar.edu.tr/comp-2215-nesne-yonelimli-paradigmalar/
"2019 Bahar, Dr. Çağatay Yücel",COMP 2215 Nesne Yönelimli Paradigmalar – 7 AKTS,https://ce.yasar.edu.tr/comp-2215-nesne-yonelimli-paradigmalar/
"2020 Güz, Dr. Mutlu Beyazıt",COMP 3315 Bilgisayar Organizasyonu – 7 AKTS,https://ce.yasar.edu.tr/comp-3315-bilgisayar-organizasyonu/
"2019 Güz, Dr. Mutlu Beyazıt",COMP 3315 Bilgisayar Organizasyonu – 7 AKTS,https://ce.yasar.edu.tr/comp-3315-bilgisayar-organizasyonu/
"2018 Güz, Dr. Mutlu Beyazıt",COMP 3315 Bilgisayar Organizasyonu – 7 AKTS,https://ce.yasar.edu.tr/comp-3315-bilgisayar-organizasyonu/
"2020 Güz, Dr. Mehmet Ufuk Çağlayan",COMP 3317 Bilgisayar Ağları – 7 AKTS,https://ce.yasar.edu.tr/comp-3317-bilgisayar-aglari/
"2019 Güz, Dr. Tuncay Ercan",COMP 3317 Bilgisayar Ağları – 7 AKTS,https://ce.yasar.edu.tr/comp-3317-bilgisayar-aglari/
"2020 Bahar, Dr. Ahmet Koltuksuz",COMP 3323 İşletim Sistemleri – 6 AKTS,https://ce.yasar.edu.tr/comp-3323-isletim-sistemleri/
"2019 Bahar, Dr. Mehmet Ufuk Çağlayan",COMP 3323 İşletim Sistemleri – 6 AKTS,https://ce.yasar.edu.tr/comp-3323-isletim-sistemleri/
"2020 Bahar, Dr. Hüseyin Hışıl",COMP 3328 Gömülü Sistemler – 7 AKTS,https://ce.yasar.edu.tr/comp-3328-gomulu-sistemler/
"2019 Bahar, Dr. Çağatay Yücel",COMP 3328 Gömülü Sistemler – 7 AKTS,https://ce.yasar.edu.tr/comp-3328-gomulu-sistemler/
"2020 Güz, Dr. Mutlu Beyazıt",COMP 3330 Otomatlar Kuramı – 6 AKTS,https://ce.yasar.edu.tr/comp-3330-otomatlar-kurami/
"2019 Güz, Dr. Mutlu Beyazıt",COMP 3330 Otomatlar Kuramı – 6 AKTS,https://ce.yasar.edu.tr/comp-3330-otomatlar-kurami/
Staj Sonuç Raporu,,https://ce.yasar.edu.tr/staj/
Staj Sunumu,,https://ce.yasar.edu.tr/staj/
2020 Güz,COMP 4910 Mezuniyet Tasarım Projesi I – 8 AKTS,https://ce.yasar.edu.tr/comp-4910-mezuniyet-tasarim-projesi-i/
2019 Güz,COMP 4910 Mezuniyet Tasarım Projesi I – 8 AKTS,https://ce.yasar.edu.tr/comp-4910-mezuniyet-tasarim-projesi-i/
2020 Bahar,COMP 4920 Mezuniyet Tasarım Projesi – 8 AKTS,https://ce.yasar.edu.tr/?page_id=2076&preview=true
2019 Bahar,COMP 4920 Mezuniyet Tasarım Projesi – 8 AKTS,https://ce.yasar.edu.tr/?page_id=2076&preview=true
"2020 Güz, Dr. Umut Avcı, Dr. Atilla Kazançoğlu, Dr. Nejat KUTUP",ECON 3300 Mühendislik Ekonomisine Giriş – 5 AKTS,https://ce.yasar.edu.tr/econ-3300-muhendislik-ekonomisine-giris/
"2019 Güz Dr. Umut Avcı, Dr. Atilla Kazançoğlu",ECON 3300 Mühendislik Ekonomisine Giriş – 5 AKTS,https://ce.yasar.edu.tr/econ-3300-muhendislik-ekonomisine-giris/
"2020 Bahar, Dr. Hüseyin Hışıl",EEE 2110 Sayısal Tasarım – 6 AKTS,https://ce.yasar.edu.tr/eee-2110sayisal-tasarim/
"2019 Bahar, Dr. Hüseyin Hışıl",EEE 2110 Sayısal Tasarım – 6 AKTS,https://ce.yasar.edu.tr/eee-2110sayisal-tasarim/
"2020 Bahar, Dr. Gökhan Demirkıran",EEE 2274 Elektroniğin Temelleri – 6 AKTS,https://ce.yasar.edu.tr/eee-2274elektronigin-temelleri/
"2019 Bahar, Dr. Mustafa Gündüzalp",EEE 2274 Elektroniğin Temelleri – 6 AKTS,https://ce.yasar.edu.tr/eee-2274elektronigin-temelleri/
"2020 Bahar, Dr. Adalet Öner, Nejat Kutup, Dr. Esra Ekinci",ENGR 3450 Proje Yönetimi – 5 AKTS,https://ce.yasar.edu.tr/engr-3450-proje-yonetimi/
"2019 Bahar,",ENGR 3450 Proje Yönetimi – 5 AKTS,https://ce.yasar.edu.tr/engr-3450-proje-yonetimi/
"2020 Güz, Dr.  Cahit Helvacı, Dr. Hacer Şekerci",ENGR 4400 Mühendislik Etiği ve Seminer – 2 AKTS,https://ce.yasar.edu.tr/engr-4400-muhendislik-etigi-ve-seminer/
2019 Güz,ENGR 4400 Mühendislik Etiği ve Seminer – 2 AKTS,https://ce.yasar.edu.tr/engr-4400-muhendislik-etigi-ve-seminer/
"2020 Güz, Dr. Esra DALAN YILDIRIM, Dr. Şahlar Meherrem, Dr. Rafail ALİZADE, Dr. Ahmet YANTIR, Dr. Şule AYAR ÖZBAL",MATH 1131 Analiz I – 7 AKTS,https://ce.yasar.edu.tr/math-1131-analiz-i/
"2019 Güz, Dr. Esra DALAN YILDIRIM, Dr. Şahlar Meherrem, Dr. Rafail ALİZADE, Dr. Ahmet YANTIR, Dr. Şule AYAR ÖZBAL",MATH 1131 Analiz I – 7 AKTS,https://ce.yasar.edu.tr/math-1131-analiz-i/
"2020 Bahar, Dr. Esra DALAN YILDIRIM, Dr. Şahlar Meherrem, Dr. Rafail ALİZADE, Dr. Ahmet YANTIR, Dr. Şule AYAR ÖZBAL",MATH 1132 Analiz II – 7 AKTS,https://ce.yasar.edu.tr/math-1132-analiz-ii/
"2019 Bahar, Dr. Esra DALAN YILDIRIM, Dr. Şahlar Meherrem, Dr. Rafail ALİZADE, Dr. Ahmet YANTIR, Dr. Şule AYAR ÖZBAL",MATH 1132 Analiz II – 7 AKTS,https://ce.yasar.edu.tr/math-1132-analiz-ii/
"2020 Bahar, Dr. Kazım Erdoğdu, Dr. Selin Duruk",MATH 1202 Ayrık Hesaplama Yapıları – 6 AKTS,https://ce.yasar.edu.tr/math-1202-ayrik-hesaplama-yapilari/
"2019 Güz, Dr. Kazım Erdoğdu",MATH 1202 Ayrık Hesaplama Yapıları – 6 AKTS,https://ce.yasar.edu.tr/math-1202-ayrik-hesaplama-yapilari/
"2020 Güz, Dr. Şaban Eren",MATH 2240 Mühendisler İçin Olasılık ve İstatistik – 7 AKTS,https://ce.yasar.edu.tr/math-2240-muhendisler-icin-olasilik-ve-istatistik/
"2019 Güz, Dr. Şaban Eren",MATH 2240 Mühendisler İçin Olasılık ve İstatistik – 7 AKTS,https://ce.yasar.edu.tr/math-2240-muhendisler-icin-olasilik-ve-istatistik/
"2020 Bahar, Dr. Refet Polat",MATH 2250 Uygulamalı Doğrusal Cebir – 7 AKTS,https://ce.yasar.edu.tr/math-2250-uygulamali-dogrusal-cebir/
"2019 Bahar, Dr. Refet Polat",MATH 2250 Uygulamalı Doğrusal Cebir – 7 AKTS,https://ce.yasar.edu.tr/math-2250-uygulamali-dogrusal-cebir/
"2020 Bahar, Dr. Özhan Ünverdi,",PHYS 1122 FİZİK II – 7 AKTS,https://ce.yasar.edu.tr/phys-1122-fizik-ii/
"Dr. Mustafa Seçmen,",PHYS 1122 FİZİK II – 7 AKTS,https://ce.yasar.edu.tr/phys-1122-fizik-ii/
Dr. Dilek Kuralı Erdemli,PHYS 1122 FİZİK II – 7 AKTS,https://ce.yasar.edu.tr/phys-1122-fizik-ii/
"2019 Güz, Dr. Özhan Ünverdi,",PHYS 1122 FİZİK II – 7 AKTS,https://ce.yasar.edu.tr/phys-1122-fizik-ii/
Dr. Dilek Kuralı Erdemli,PHYS 1122 FİZİK II – 7 AKTS,https://ce.yasar.edu.tr/phys-1122-fizik-ii/
"2020 Güz, Dr. Dindar Öz, Dr. Mutlu Beyazıt",SE 1105 Programlama ve Problem Çözme I- 6 AKTS,https://ce.yasar.edu.tr/se-1105-programlama-ve-problem-cozme-i/
"2019 Güz, Dr. Dindar Öz, Dr. Mutlu Beyazıt",SE 1105 Programlama ve Problem Çözme I- 6 AKTS,https://ce.yasar.edu.tr/se-1105-programlama-ve-problem-cozme-i/
"2020 Güz, Dr. Tuncay Ercan",SE 2222 Veri Tabanı Sistemleri – 7 AKTS,https://ce.yasar.edu.tr/se-2222-veri-tabani-sistemleri/
"2019 Güz, Dr. İbrahim Zincir",SE 2222 Veri Tabanı Sistemleri – 7 AKTS,https://ce.yasar.edu.tr/se-2222-veri-tabani-sistemleri/
"2020 Güz, Dr. Ahmet Koltuksuz",SE 2228 Algoritma Analizi ve Tasarımı – 6 AKTS,https://ce.yasar.edu.tr/se-2228-algoritma-analizi-ve-tasarimi/
"2019 Güz, Dr. Ahmet Koltuksuz",SE 2228 Algoritma Analizi ve Tasarımı – 6 AKTS,https://ce.yasar.edu.tr/se-2228-algoritma-analizi-ve-tasarimi/
"2020 Bahar, Dr. Tuncay Ercan",SE 3304 Yazılım Mühendisliğine Giriş – 6 AKTS,https://ce.yasar.edu.tr/se-3304-yazilim-muhendisligine-giris/
"2019 Güz, Dr. İbrahim Zincir",SE 3304 Yazılım Mühendisliğine Giriş – 6 AKTS,https://ce.yasar.edu.tr/se-3304-yazilim-muhendisligine-giris/
